Worker,IP_Address
worker1,172.19.0.4
worker2,172.19.0.9
worker3,172.19.0.10
worker4,172.19.0.7
worker5,172.19.0.8
worker6,No_Disponible
worker7,No_Disponible
worker8,No_Disponible
worker9,No_Disponible
worker10,No_Disponible
worker11,No_Disponible
worker12,No_Disponible
worker13,No_Disponible
worker14,No_Disponible
worker15,No_Disponible
worker16,No_Disponible
worker17,No_Disponible
worker18,No_Disponible
worker19,No_Disponible
worker20,No_Disponible
worker21,No_Disponible
worker22,No_Disponible
worker23,No_Disponible
worker24,No_Disponible
worker25,No_Disponible
worker26,No_Disponible
worker27,No_Disponible
worker28,No_Disponible
worker29,No_Disponible
worker30,No_Disponible
worker31,No_Disponible
worker32,No_Disponible
worker33,No_Disponible
worker34,No_Disponible
worker35,No_Disponible
worker36,No_Disponible
worker37,No_Disponible
worker38,No_Disponible
worker39,No_Disponible
worker40,No_Disponible
worker41,No_Disponible
worker42,No_Disponible
worker43,No_Disponible
worker44,No_Disponible
worker45,No_Disponible
worker46,No_Disponible
worker47,No_Disponible
worker48,No_Disponible
worker49,No_Disponible
worker50,No_Disponible
